{"input": 1, "00Conv2D_12x12x16": 4.2938361167907715, "01Conv2D_10x10x32": 10.677625513077064, "03Conv2D_5x5x8": 13.280362117767485, "05Dense_10": 1.0}